{
  "nx": 128,
  "ny": 64,
  "epochs": 3000,
  "lr": 0.001,
  "results": [
    {
      "fig": 10,
      "case": "ellipse",
      "final_velocity_error": 2.176055886593531e-06,
      "final_body_fraction_error": 8.834496111376211e-05,
      "cx": 0.6800013780593872,
      "cy": 0.5,
      "a": 0.19999787211418152,
      "b": 0.08499972522258759
    }
  ]
}