epoch,frame,norm_fu,loss,walltime,memory,error_u
0,0,23.570049859286566,555.5472503692547,0.6145100593566895,407.1875,0.22360679774997896
1,1,6.042654128870152e-11,3.651366892115149e-21,1.147718906402588,380.46875,0.048197059405109204
2,2,1.5094581351675413e-14,2.278463861823472e-28,1.2316548824310303,383.421875,0.048197059391422124
