epoch,frame,norm_fu,loss,walltime,memory,error_u
0,0,23.570049859286566,555.5472503692547,0.6718032360076904,429.96875,0.22360679774997896
1,1,6.042654128870152e-11,3.651366892115149e-21,0.9593532085418701,477.109375,0.048197059405109204
2,2,1.5094581351675413e-14,2.278463861823472e-28,1.0446043014526367,495.328125,0.048197059391422124
