{
  "nx": 128,
  "ny": 64,
  "epochs": 20000,
  "lr": 0.001,
  "results": [
    {
      "fig": 9,
      "case": "circle",
      "final_velocity_error": 0.0,
      "final_body_fraction_error": 0.0,
      "cx": 0.6800000071525574,
      "cy": 0.5,
      "a": 0.1599999964237213,
      "b": 0.1599999964237213
    },
    {
      "fig": 10,
      "case": "ellipse",
      "final_velocity_error": 1.0522858246986289e-05,
      "final_body_fraction_error": 0.00030800787499174476,
      "cx": 0.6799952983856201,
      "cy": 0.4999968409538269,
      "a": 0.19999805092811584,
      "b": 0.0850009173154831
    },
    {
      "fig": 11,
      "case": "nonconvex",
      "final_velocity_error": 0.09711229801177979,
      "final_body_fraction_error": 3.019920825958252,
      "cx": 0.6541584134101868,
      "cy": 0.48753660917282104,
      "a": 0.19663745164871216,
      "b": 0.11783090233802795
    }
  ]
}