outer,cost,rms,ru,rv,div,nfev,status
1,1.1748566295503164e-19,8.479425129292384e-12,1.3343402858532653e-12,1.463678480456578e-12,4.00099615746302e-13,11,1
