{
  "nx": 96,
  "ny": 48,
  "epochs": 300,
  "lr": 0.01,
  "results": [
    {
      "fig": 9,
      "case": "circle",
      "final_velocity_error": 0.0024568333756178617,
      "final_body_fraction_error": 0.08079136908054352,
      "cx": 0.6805078387260437,
      "cy": 0.5000471472740173,
      "a": 0.15930688381195068,
      "b": 0.15816184878349304
    },
    {
      "fig": 10,
      "case": "ellipse",
      "final_velocity_error": 0.0005284790531732142,
      "final_body_fraction_error": 0.023976609110832214,
      "cx": 0.6804970502853394,
      "cy": 0.49996769428253174,
      "a": 0.19935181736946106,
      "b": 0.08492074906826019
    },
    {
      "fig": 11,
      "case": "nonconvex",
      "final_velocity_error": 0.08388878405094147,
      "final_body_fraction_error": 2.6842892169952393,
      "cx": 0.6647521257400513,
      "cy": 0.49384015798568726,
      "a": 0.19362689554691315,
      "b": 0.13289637863636017
    }
  ]
}